<?xml version="1.0" encoding="UTF-8"?>
<project-private xmlns="http://www.netbeans.org/ns/project-private/1">
    <editor-bookmarks xmlns="http://www.netbeans.org/ns/editor-bookmarks/2" lastBookmarkId="0"/>
    <open-files xmlns="http://www.netbeans.org/ns/projectui-open-files/2">
        <group>
            <file>file:/E:/pendrivew/Quiz_2/src/quiz/Mpage.java</file>
            <file>file:/E:/pendrivew/Quiz_2/src/quiz/AdminHome.java</file>
            <file>file:/E:/pendrivew/Quiz_2/src/quiz/AddNewQues.java</file>
        </group>
    </open-files>
</project-private>
